address,in_degree,out_degree,total_in,total_out,balance,label
0xfdd3bfe92735e109726d397007464624a39334d7,1,1,2.525283745355392,2.5252484490329565,3.5296322435485195e-05,0
0xd0cc2b24980cbcca47ef755da88b220a82291407,11,8,6.951418263598664,1.562532319267848,5.388885944330816,1
0xd8711dba2db856eebd7f01db3d877e4c53d6dee2,1,1,0.0953101798043248,0.0927139616355212,0.0025962181688035,0
0x7e8def9b77417f60a5a6a420573f4580e14e17b1,0,1,0.0,0.2599783234495407,-0.2599783234495407,0
0x984a01719fceeedd10c43afca9d4220508e54f1a,0,1,0.0,0.3084503972825597,-0.3084503972825597,0
0x86849f631edd436794ec35982f4b5459056190d3,1,1,0.0953101798043248,0.094202675839059,0.0011075039652657,0
0x0e16368ec4ecf1f6bbce431d6bd03815c99d1c9d,1,1,0.0953101798043248,0.0893691540807443,0.0059410257235804,0
0x3fd6e50cf529ff779f2f387470bdd8df99c96690,1,1,0.4112748654043249,0.4101599248557753,0.0011149405485496,0
0x68d86d5fc6e2288a8ea7c7c46642960c95866428,1,0,1.2728988231782998,0.0,1.2728988231782998,0
0x48eaf48a1e3bc80221e0eedfbc2a6a9014fdca25,1,1,0.0198026272961797,0.0069756137364252,0.0128270135597544,0
0x7b26e1cd35435bf375c384449dd85c5b3169f209,2,2,0.022798136275978,0.0110786867229476,0.0117194495530303,0
0x9fc485fbf6d32afd59a73449e19aa9f2cd5cce36,1,10,1.385043579218238,3.715362943371164,-2.330319364152926,0
0x7097548ae38481dfea71dbc15c5ef7073c79a391,0,1,0.0,0.687581581808508,-0.687581581808508,0
0x158210172308b3c8bc1881e271836376f9bade24,3,6,3.989380253164073,6.489937087018341,-2.5005568338542687,0
0x9aadc1b96bf986dd58cc836dc19164c28c946c82,5,6,6.474919184220049,6.246769883277389,0.2281493009426602,0
0x7b5e976ba9bf3f7b4ad5fae319883aa49d34cd03,1,1,0.0198026272961797,0.0186052195130615,0.0011974077831181,0
0x7c522355c13d05a86dcc4389f37f9014b7dd5f97,0,1,0.0,0.327972957718482,-0.327972957718482,0
0x66c9ab2cbdd70dcc98d025cca5d3cecff8509eaf,0,1,0.0,1.7047480922384253,-1.7047480922384253,0
0x4f1bfdeae229bd7f259d45e5a0637aa2e4bcbee6,3,5,0.7312088054896803,1.29187150460089,-0.5606626991112097,0
0x4cdc1cba0aeb5539f2e0ba158281e67e0e54a9b1,2,0,0.0134853423311511,0.0,0.0134853423311511,1
0x17ca02ca4662f15b281cb565eb818efa8607598e,2,3,0.154935508080244,0.0781695698303117,0.0767659382499323,0
0x81aa713372fa1cd34cbb4ff0c9e9ac4688a25b70,4,3,1.6041814979618214,1.5487104163173,0.0554710816445214,0
0x00e01a648ff41346cdeb873182383333d2184dd1,20,0,32.26700470291945,0.0,32.26700470291945,1
0x7262640299c804fa75b7c814b840a89899ea6c7b,0,1,0.0,1.386063334435281,-1.386063334435281,0
0xc32fdc40bc6fa7030b402f5fb158331d4854b043,3,2,1.363713426422666,1.3397174782309431,0.0239959481917226,0
0xa3b95e2e1550df8d5f63bbe540abd5b442d81246,4,5,3.383828702522236,4.004914292306268,-0.6210855897840326,0
0x379805e181aa49041ea0c859fc10141cc2921a73,1,1,2.136530508663963,2.406090418850957,-0.2695599101869939,0
0x5b58a1db52be6210259196a78be144e53e7cc6d4,0,1,0.0,0.6925630124669848,-0.6925630124669848,0
0x56b2321324fd4b2a416ef84730228a9d559b30b8,1,1,1.099060188346071,1.098913243376698,0.0001469449693731,0
0xcdd82f10463391ffd769ea9ce4b4a26502b3cec5,3,6,2.712506921819151,15.224453838212357,-12.511946916393205,0
0x68ada143dc21d3a079ee73bb3a10e9ce41449784,2,1,3.856245989959148,2.5498012793864264,1.306444710572721,0
0xd38a48f145e3d695fadda4bc9e1b394b4c692045,0,1,0.0,1.45890877722385,-1.45890877722385,0
0x7916383f4cf051a09f35aad03b66f1629aea2b04,1,3,1.0031698114462009,4.229953422914711,-3.2267836114685107,0
0xe012765066411e69f32456cb4bb256f546526124,1,1,1.3403283567543152,1.3402129140616437,0.0001154426926714,0
0x24a0393e5784a9b8f1931f3820d29a6cd8e95ced,2,1,2.0778169151475985,2.072803737621796,0.0050131775258024,0
0x0cc27298171aa2c1a54c746b5e57c1e043d1e140,0,1,0.0,1.097112513233636,-1.097112513233636,0
0x59b78692a3a9d215d2834bf68d001e7c13e0ac91,4,1,3.57050745827015,2.372990433143974,1.1975170251261755,0
0x2d92f62d5f95f0caa26364c3c50ed0a9e3340531,2,4,1.993441823699713,2.8436443828973763,-0.8502025591976632,0
0x7fc08518679b825e62e306ccc27d373eecd2a107,1,1,3.274834013637226,3.4480299366788,-0.173195923041574,0
0x5326b57f1184ee8a1a2fcab2f2562fccb8027f7a,0,1,0.0,0.8322415601935287,-0.8322415601935287,0
0x2cc84a4d87675570efaeee019912185d0c5c5a39,1,3,0.6982342196085024,0.8604323799865778,-0.1621981603780754,0
0xbe2c434c49959ec0b6bb4885e63ff9977c009298,4,5,5.615451400468361,7.888807530326225,-2.273356129857864,0
0x94c9e001b879661be158e23e100549575942bcc5,4,15,2.4775596899701315,2.4102567181022114,0.0673029718679201,0
0x2b065809f6ec6df32878bcd26711a0e2bcf59c26,3,5,1.565165131683121,4.534290707405178,-2.9691255757220576,1
0x2842e27585590d50c4a8ed1a350dae8096ff79d6,1,1,0.0164580885959276,0.6997242501413247,-0.6832661615453971,0
0x3362ea011734eeeec1c6181fb03930c7c550d06a,3,1,7.194436851100335,2.19717790958063,4.997258941519705,0
0x22eb0b23e5ad7ef827aff13b2e40ed63e277844e,3,0,0.0735803329766507,0.0,0.0735803329766507,0
0x66817272d39da7fd4c552f430fc0b694e357c157,14,6,11.473332488190582,5.575471498166041,5.897860990024541,0
0x673efbd6627a2a48c67c6dc18d6fe33255bab345,1,0,0.0953101798043248,0.0,0.0953101798043248,0
0xd1b68a2d301ea75b9e8dfb1efb54f733df3dfc6c,5,7,2.4714685213247947,4.087121728071988,-1.6156532067471936,0
0x267be1c1d684f78cb4f6a176c4911b741e4ffdc0,0,1,0.0,2.525283745355392,-2.525283745355392,0
0x45eedcc7afb8ea8af21f63b8b3385affaa3dbf68,21,0,1.7812302496899752,0.0,1.7812302496899752,0
0x7ed1e469fcb3ee19c0366d829e291451be638e59,0,2,0.0,2.853621900773529,-2.853621900773529,0
0xa976eaf7c86424e27f21d694ed77602cb8c3fac8,2,2,0.0109676350059626,0.0122495948552736,-0.001281959849311,0
0x843fa308e2bcb391e2c7d3358a362adad1485ebb,3,3,0.0298000001404992,0.0155836093533621,0.014216390787137,0
0x174f897762bd845703b80b05b604332be91788e4,3,4,0.2747773629572724,0.2742225759800469,0.0005547869772254,0
0xfbb1b73c4f0bda4f67dca266ce6ef42f520fbb98,0,8,0.0,5.664309848227121,-5.664309848227121,0
0xd42433a8a0a1ceb73c8ff4e432463e2ee109039d,3,0,1.4872702784598926,0.0,1.4872702784598926,0
0x422adcf787e49dd93ce10a583655c212e00d42ce,3,0,1.0028453735761012,0.0,1.0028453735761012,0
0x725803315519de78d232265a8f1040f054e70b98,2,0,0.8294029836058162,0.0,0.8294029836058162,0
0x57ccee9100daa272b962c48543460a8e3ac6f674,3,0,2.747270914255491,0.0,2.747270914255491,0
0x088469f63a9bd743efa6497983c4e12be56d33d1,1,1,0.262364264467491,0.26220271295721,0.000161551510281,0
0xb56d622ddf60ec532b5f43b4ff9b0e7b1ff92db3,2,0,0.5988365010887039,0.0,0.5988365010887039,0
0x9e9a74c217659d23abc514aebb7fdec53c3a27ce,1,1,0.4054651081081644,0.4051850689008455,0.0002800392073188,0
0x65c739a6d3eaf1a55d5fb111fa7f1a93d6db5c91,1,1,0.1823215567939546,0.1819364826624269,0.0003850741315276,0
0x885a742719faf7ecc5670b16420a9487e9fbf625,0,1,0.0,1.297463147413275,-1.297463147413275,0
0x64340ed116881e2b435b7240b3a60cf224630e01,1,0,1.2029723039923526,0.0,1.2029723039923526,0
0xd43d09ec1bc5e57c8f3d0c64020d403b04c7f783,1,0,1.3001916620664788,0.0,1.3001916620664788,0
0xd0a6e6c54dbc68db5db3a091b171a77407ff7ccf,2,0,1.4372250897884336,0.0,1.4372250897884336,0
0x236f9f97e0e62388479bf9e5ba4889e46b0273c3,0,1,0.0,2.672114478454618,-2.672114478454618,0
0x5f882b4d2587f14e74a9a5b64b85eb86614f0927,1,1,2.672215748092994,2.672212845932896,2.9021600975731587e-06,0
0x94201e256351c423314a829f1563b7f738e10010,5,3,1.755087520721811,4.315873210281687,-2.560785689559876,0
0x9e6316f44baeeee5d41a1070516cc5fa47baf227,0,2,0.0,4.741211036713262,-4.741211036713262,0
0xfb11f704ca8282f9b1169410fb2ba11ae9feb7c3,1,1,0.6931471805599453,0.6928371324999126,0.0003100480600326,0
0x185aa2c4c4fe21beb8393b357fea16c82bdc8055,1,1,1.6352405506692078,1.635119701969029,0.0001208487001789,0
0x7b68538474a7b833c010d6da31768abdd5543bdf,3,2,2.137621407873607,2.1248928045837534,0.0127286032898537,0
0x55d34b686aa8c04921397c5807db9ecedba00a4c,3,0,2.017858648367897,0.0,2.017858648367897,0
0x77a77eca75445841875ebb67a33d0a97dc34d924,1,0,0.6931471805599453,0.0,0.6931471805599453,0
0x563b377a956c80d77a7c613a9343699ad6123911,0,2,0.0,1.771054405288128,-1.771054405288128,0
0xeed16856d551569d134530ee3967ec79995e2051,0,2,0.0,2.1818739418046613,-2.1818739418046613,0
0x6e0ec952e49212f2e2e2f94fedaa84f5c044acef,1,0,1.6094379124341005,0.0,1.6094379124341005,0
0xed2d26eed06ecfbfd796d1ec551d2a649a31e576,1,2,0.6225452860439064,4.584150818764016,-3.961605532720109,1
0x9c67e141c0472115aa1b98bd0088418be68fd249,0,1,0.0,0.1796931054402626,-0.1796931054402626,0
0xcfb98637bcae43c13323eaa1731ced2b716962fd,2,0,1.6540192318294775,0.0,1.6540192318294775,0
0x685445fe51b31790538890a6468851afbf7a0519,1,0,0.178639787391329,0.0,0.178639787391329,1
0x2b3a7b1a9fd2e122b4dfc028e3ea2b87a026b35d,3,2,0.8058541339175148,0.7091302524716506,0.0967238814458641,0
0xe606ab862d5ab58783b0eedee0839a2b47927ce8,0,1,0.0,0.009950330853168,-0.009950330853168,0
0x4bf722014e54aeab05fcf1519e6e4c0c3f742e43,1,0,0.0086880493624769,0.0,0.0086880493624769,1
0x00b91f69f195a08dfdb46dbb030abeba254f5965,1,1,0.009950330853168,0.0596253282759192,-0.0496749974227512,0
0x8d12a197cb00d4747a1fe03395095ce2a5cc6819,1,0,0.0582689081239757,0.0,0.0582689081239757,0
0xfa2e97d6d22ce782160d5f98c3f09c9211928432,20,1,3.585775437670394,0.0953101798043248,3.4904652578660693,0
0x0c6f53c6291360fc301449600727f1e8c43a2f18,0,2,0.0,0.097580328338864,-0.097580328338864,0
0x0393f6a9b9cbb22b02b90a74513b0dddb36a2f27,1,2,0.009950330853168,1.5068845131359234,-1.496934182282755,0
0x2fcd3eaf5d3832cb2d2334120b96dd3f9742996b,0,1,0.0,0.0016444072210408,-0.0016444072210408,0
0xe5313ca4ac8e6343f98fc9dfd4f56128b6ec7f27,1,2,0.0198026272961797,1.289469534817478,-1.2696669075212983,0
0x9b0b8566cf7a12ac40ea23a024c36f6610370712,2,3,14.568676194757934,16.821670071986723,-2.252993877228789,0
0x4355fc160f74328f9b383df2ec589bb3dfd82ba0,2,0,1.88706964903238,0.0,1.88706964903238,0
0x1a57ffa36d8adf86072ba9172afa991642ff490a,2,3,14.488595261498055,15.354834026082838,-0.8662387645847822,0
0xef7b44a2223a84d4ef115dcea8a5da0f0724c5c3,18,0,36.69054566051394,0.0,36.69054566051394,0
0xe46b0709b1eb4d9fc7c6b90328331aa96fc21132,2,2,1.1647239654971318,1.101505223021484,0.0632187424756476,0
0xf4e469373edfdb26391fd18aedaf5ca578631a3b,5,9,7.60515291752104,9.25401960618758,-1.6488666886665395,0
0x91337a300e0361bddb2e377dd4e88ccb7796663d,0,2,0.0,3.297366140512205,-3.297366140512205,0
0xb01cb49fe0d6d6e47edf3a072d15dfe73155331c,0,1,0.0,1.8082887711792648,-1.8082887711792648,0
0xa890f7c10974394f59d3c77262bb24cfb10fafe6,1,2,2.3978952727983707,2.402269472635892,-0.004374199837521,0
0x7b7d54c7923f217a084148619bd38a16efefe8cf,2,0,4.97384985006658,0.0,4.97384985006658,0
0x8bfe5ebb128ee82f4ba80f56bb32409cc87bc6fb,1,0,1.791759469228055,0.0,1.791759469228055,0
0x10a919fabcfb4e992234e241692ae15687cfb7cb,3,7,6.822247869287572,11.188118044780571,-4.365870175493002,0
0x00a280386551c79a56889eb75db2edbf0251b853,4,4,11.912152954366867,6.622423137451774,5.289729816915093,0
0xc22462d4bc50952b061c9e6c585fdd9a04d0d75a,1,0,2.9444389791664403,0.0,2.9444389791664403,0
0x8a557c53c257642377769dd8452b4a050bc5d8d6,2,3,13.697644851511356,15.64194323173771,-1.9442983802263532,0
0x7bb56ce185646d3ed84e412391db20a6f30f26f2,2,4,12.15505097137838,10.6825493179919,1.4725016533864783,0
0xb503105062bbe0c81920b0b1ea5ac010d975d0e6,0,1,0.0,1.0031698114462009,-1.0031698114462009,0
0xc324f2f21e689f8c4b331f023a4e66cffdc46330,1,1,0.6931471805599453,0.0009193772431946,0.6922278033167507,0
0xfe7c5116db34cfb93c2bca1e435714981141ddd9,1,1,1.791759469228055,1.7916264603827707,0.0001330088452842,0
0x29d5527caa78f1946a409fa6acaf14a0a4a0274b,0,1,0.0,1.3403283567543152,-1.3403283567543152,0
0x1e1bb1388a1d12c058e0788278602c720fd9a37a,2,3,14.239495493064018,14.262294991107591,-0.0227994980435752,0
0x773495dab19992ca5cb77b4b2979041a9e6a3a03,2,3,14.19228862588452,16.385657469637987,-2.1933688437534684,0
0xd499369c282edcd1da3d67d60045f3b161f219a7,1,3,2.1422851103999005,2.7739575377645918,-0.6316724273646908,0
0x2ea8ff82fdadaf0ed596b3b850cd980bd61ea75f,0,1,0.0,0.7393430300222978,-0.7393430300222978,0
0xdc83bdd2182d1865829577e3fa22a0553a444783,0,1,0.0,0.5848548992517825,-0.5848548992517825,0
0xa3923e0616f631d4169188a00eb142e5da240378,1,2,0.5712779314430793,0.6507900547722903,-0.079512123329211,0
0x1699333a4e46093e15a94b4a213b88eb8a963834,0,1,0.0,0.6071474625798227,-0.6071474625798227,0
0xbb9bc244d798123fde783fcc1c72d3bb8c189413,2,0,3.414333852169483,0.0,3.414333852169483,0
0x24f21c22f0e641e2371f04a7bb8d713f89f53550,1,3,0.9138677989414014,2.5177744561347133,-1.603906657193312,0
0xc73e0268f6f50131752c61bbb0703886d655285e,3,1,4.431790737335865,2.808379883311915,1.6234108540239496,0
0x37c7bb944e42c02aab4afbba0e116238a2d4c51f,2,1,2.3005830903233724,0.9138677989414014,1.3867152913819711,0
0xec71850aea0f21b631794ae1534788b9e902e486,2,4,13.911399421045424,17.170186817547503,-3.258787396502079,0
0xec9529087af0d182064f8d782b465c44660c3e44,0,1,0.0,0.6982342196085024,-0.6982342196085024,0
0x7f99e2d6d903f94f68856b7b0a042910b4a12148,1,0,0.1151128071005045,0.0,0.1151128071005045,0
0x32be343b94f860124dc4fee278fdcbd38c102d88,0,8,0.0,17.532162946472212,-17.532162946472212,0
0xec50f0fde820335d7348303681cc2b80568864d9,7,8,10.96438029445948,10.940768618342709,0.0236116761167739,0
0xb4bfe8ccb5945718c9ebd1b553c2d66e4706cd79,5,8,6.983436478908054,11.196969986943818,-4.2135335080357645,0
0x151e201b90f8790568df0a2399d20521eaef4749,0,1,0.0,1.1629825050182248,-1.1629825050182248,0
0x038f79afcc9e67d78c5817119fbe4aaff8d50f9b,1,1,1.1600209167967532,1.1598892466866184,0.0001316701101348,0
0x7071f121c038a98f8a7d485648a27fcd48891ba8,1,1,1.7916264603827707,0.0953101798043248,1.696316280578446,0
0x49028b997bb6421b98131394963b03e4e7dd5241,1,0,0.0329511001396859,0.0,0.0329511001396859,0
0xdffd8040fc75dfb0849005e5aca6b7e5d2c02dfa,0,1,0.0,1.0645354733587928,-1.0645354733587928,0
0xf5a1c03d2a8c4864cc396d1f1253cc804b93b8c2,6,5,3.9020457456542217,3.5556680103003337,0.3463777353538879,0
0x6b4e6939418336f7a59ca59a14e82bcbe7e6f3fe,4,4,2.0309748432976096,0.7285536961876102,1.3024211471099991,0
0x15467b2aa60beb437af5e48e6a35d6914ba0ab7f,2,3,0.4937506729755246,1.18371190467203,-0.6899612316965053,0
0xb867cb709526099091585f0a4859b5b788d47532,1,1,1.161274049792821,0.0953101798043248,1.065963869988496,0
0xf8e6b927cc30d844e244a6f2afddacccb1a5813a,0,1,0.0,0.9162907318741552,-0.9162907318741552,0
0xc57f1148855e67763a694f7f2c0e68230adc686e,14,6,8.186779923057212,0.6588724558155785,7.527907467241634,0
0x42c5459911ae51d1d005cbe39749bd8d8e533c22,8,4,2.978220294348226,5.498888057009855,-2.5206677626616285,1
0xd8fcf9de1cf44796180afd9775bbca985835bfd8,1,0,0.0953101798043248,0.0,0.0953101798043248,0
0x2d10086e377405c88c06218383dad3f6d87e2e47,1,0,0.0953101798043248,0.0,0.0953101798043248,0
0x3d9849a5f3773fabaa8e1fd88dffa3b8eba05654,1,0,0.0953101798043248,0.0,0.0953101798043248,0
0xb638d6f5d674bd9980f3e2f67499c939e5a79382,14,1,12.695209884590444,4.219507705176107,8.475702179414338,0
0x8e6be4cc78557cf3087b15963bf7139b0154e0e0,1,1,0.0953101798043248,2.19722457733622,-2.1019143975318952,0
0x2670d24bd671a808e4909d0ea61d19e4f66b0bb7,2,3,4.690329014736041,8.934151993235616,-4.243822978499575,0
0xcdd1c19dcc3f473eaef6edb0a28e1e796d6e1767,1,0,0.0953101798043248,0.0,0.0953101798043248,0
0x5b67a30108e1a5f3d5a809d57e76cd16fdfde7a7,1,0,0.0953101798043248,0.0,0.0953101798043248,0
0x41dfc5797c8043a2f4f7e7abf71291064e091fc6,3,0,8.929938401821692,0.0,8.929938401821692,0
0xe27f3d11bf7cf42fc49b679d7705cacc670106a4,5,2,4.635423019179091,1.0987122836684429,3.536710735510648,0
0x2cfa3726c8ec8fce5b24f27377912698bfba739e,2,2,0.1897006511667134,0.1674538343427173,0.022246816823996,0
0x8271b2e8cbe29396e9563229030c89679b9470db,2,1,6.761521726038895,4.595018834931716,2.166502891107178,0
0x122c7f492c51c247e293b0f996fa63de61474959,5,13,6.297949662284526,5.405819201086354,0.892130461198172,0
0x7c757c83fd76d88e51e9bc735c0e2693758bcd30,1,7,0.6982522614167989,2.154608277860381,-1.4563560164435825,0
0xe0bf15a86389f38b7965f33d1ab7f6f356869e52,1,1,1.1264925535037835,1.126349585078266,0.0001429684255174,0
0xdae0665f0cf81626625cc8b9c5ff800862fc7801,0,1,0.0,0.7745239210927541,-0.7745239210927541,0
0x14963aafa18a50bb39a20ac5749a42e838f60c5c,1,1,0.0953101798043248,0.0923768208013583,0.0029333590029664,0
0x5531900432869c75170c70a90e5931692c77430c,2,3,1.869756200757938,2.0677135204238595,-0.1979573196659214,0
0xa3d781e3365779b087a8b4da8cf1bad9748ece9f,1,1,0.153579945560866,0.1528103405451789,0.000769605015687,0
0x00e0dc33d6ae7f73a4de8e5a914b23fa8f081633,3,4,3.85161461023305,1.50811022544866,2.34350438478439,0
0x34ad17a45d9e9ce4480c83142777d43911e10e7a,0,1,0.0,2.2874960886876967,-2.2874960886876967,0
0x7e82e80b8b51d898c7122c10069670a98acc31c7,0,1,0.0,0.2594147342614218,-0.2594147342614218,0
0xa9d8909c2998d6d38060ccb40f691d9de9280d5c,1,2,0.0198026272961797,0.0168331650904859,0.0029694622056937,0
0x2d777d5ff36ba9e76070b1f0790d0f6d08d437dd,1,2,1.671097292820828,1.760103318544789,-0.0890060257239608,0
0x36db23fd8e0fabb300ba95bfdf4a0f20b05eebfb,14,2,19.05970797392419,5.409644127018604,13.650063846905589,0
0xbd4b803eef779531f421c6d9c8d92a35f112926f,1,0,0.009950330853168,0.0,0.009950330853168,0
0x648006f87bc9401f2c7ae64f4b3f73f19272843d,0,1,0.0,1.6094379124341005,-1.6094379124341005,0
0xb83814f8b0f1948aa663cf5540631a9a5c9e8fe3,2,1,9.149315670138408,4.5643438164582655,4.584971853680143,0
0x80e27819d9276460b8a8c56fab420d2e0411fbf0,1,1,2.268180945383012,2.2729353136072064,-0.0047543682241943,0
0x6d92dae3fbdcc873a8e7915ca19d744b5f9ab2b0,4,8,1.2742677814530146,2.816370041331812,-1.5421022598787977,0
0x70faa28a6b8d6829a4b1e649d26ec9a2a39ba413,2,6,2.3279568344689414,4.604963510638251,-2.27700667616931,0
0x8be03e2809b385f7b651439d953e806f38bc5483,1,0,0.6931471805599453,0.0,0.6931471805599453,0
0x44ad644576eeebffcd9ad89728d2a6c415cf8fb5,1,0,1.1568811967920856,0.0,1.1568811967920856,0
0x332cd6ae95878dda8fd2b5097b6fba676876315a,2,2,1.8075289268439083,2.552997956598737,-0.7454690297548292,0
0x7e3c95a55b7c1de2de28b6919f70f14e1df7d6ea,0,1,0.0,0.0803141778990832,-0.0803141778990832,0
0xbccf7dfb275ff225559266437fea2ddf7804b0ba,0,1,0.0,0.0446392811620368,-0.0446392811620368,0
0x389ba51c6a4a9bff9ffafb13538eed4ec93842c5,0,1,0.0,0.0867842684636907,-0.0867842684636907,0
0x4e575141a24cf1df7c758bee6c0da1339b9c271e,0,1,0.0,0.0675406770294762,-0.0675406770294762,0
0x95fb5afb14c1ef9ab7d179c5c300503fd66a5ee2,0,1,0.0,0.1542827875161541,-0.1542827875161541,0
0xb2cc23280cfe22b4b37634c143d4271679bf7649,0,1,0.0,0.1365898051592508,-0.1365898051592508,0
0x5266530b2f1816b20cb7c8dd478f25cc3d2da552,0,1,0.0,0.1400107114295714,-0.1400107114295714,0
0x3a6eb4c52dd63726205eadce3ea494b558c40f7d,0,1,0.0,0.0240306777211186,-0.0240306777211186,0
0xde59ff85f605d11016a8baee8edccc5c7653eba9,0,1,0.0,0.1703799561063887,-0.1703799561063887,0
0x3586365bddb470075b305e853ff4ff2981bb8de1,0,1,0.0,0.0635995122387635,-0.0635995122387635,0
0xc99526af66ee8b3f4a7c40ec4adc62e703063858,0,1,0.0,0.0592259076010334,-0.0592259076010334,0
0x97c7be7c0bdefd1b5694b2666053e2f90b0ffdde,0,1,0.0,0.0369233955695969,-0.0369233955695969,0
0xd2cc9027480f9630e291e91074b95343f886e043,0,1,0.0,0.1009946923049944,-0.1009946923049944,0
0x8ad01f41aaa83cd4ff9a4935b0bd4d4d56a533d5,0,1,0.0,0.0618727837146552,-0.0618727837146552,0
0x2cef21e091d1922d19efc08b3ee41f9c35651fbc,0,1,0.0,0.0915260070273383,-0.0915260070273383,0
0x798da02179360d22a5df96223f63ca01e9a1e098,0,1,0.0,0.0476151873559747,-0.0476151873559747,0
0x2f3c9cb4407b6bba5658d48e52494e62b0fcf270,0,1,0.0,0.0931705715651463,-0.0931705715651463,0
0x9cb8a30ecf0fb46b3b283c36efd79907a606b1bc,0,1,0.0,0.0867387131535576,-0.0867387131535576,0
0x4d461380c07cc4eda378eb970e514dad24f3aeb7,0,1,0.0,0.0657137677646317,-0.0657137677646317,0
0x6b5cde27f9375ea637cac59de6f2c5eaa22fbf85,1,1,0.004987541511039,0.0039920212695374,0.0009955202415015,0
0x9276db4d115a7ad0494ce9f61ac2e813fc66e549,1,0,0.0072620533442346,0.0,0.0072620533442346,0
0xc597a5d92f5dc1137d847db733cfe02c6d209f13,0,1,0.0,0.0198026272961797,-0.0198026272961797,0
0x7ed58877581d07bb4238a8b4d341e54c609b73c2,1,0,0.0100912201749767,0.0,0.0100912201749767,0
0x74702f877ecac57cddb52aca5a098eb2a54588bc,2,0,0.0044948828612601,0.0,0.0044948828612601,0
0xfcba3669676b6398605ffa321fde355af94b5b43,1,0,0.262364264467491,0.0,0.262364264467491,0
0x06427b2df2b3ff1c09adc93b2a6e4cc10dd8553b,0,1,0.0,0.0060820301514755,-0.0060820301514755,0
0xb9bef5224c1542f6fe271df8886813c1d62c0153,1,0,0.0096532570281383,0.0,0.0096532570281383,0
0x03c3c894b59aada30ea11771f32da87765b15715,1,0,0.26220271295721,0.0,0.26220271295721,0
0x6f0e00f717de9422958e07884fa58fa7d0b3eed7,1,0,0.4051850689008455,0.0,0.4051850689008455,0
0xb6c3e6a645f105efae04d3332d3af259868e8e83,1,0,0.1819364826624269,0.0,0.1819364826624269,0
0xd9aad3bff6fce931df45e40731ef4857c0d847f6,1,0,2.672212845932896,0.0,2.672212845932896,0
0x97703164bcf27eb9abaf220bb76a94e280966a9d,0,1,0.0,0.6891469693728706,-0.6891469693728706,0
0xca32bf5b5eb9f07a42ec918057e29fc17c69b8f0,0,1,0.0,0.3173170853814501,-0.3173170853814501,0
0x41177b0094b9759a3b366fe7d4699fb97d82a58b,0,1,0.0,0.7358037324663467,-0.7358037324663467,0
0x3853ba76ec6ae97818e2d0e0839c9eda6c396690,1,0,2.3978952727983707,0.0,2.3978952727983707,1
0xa3f7e82e6d4f050f084b8adf0b157a107210cbb3,0,1,0.0,0.0121835966438306,-0.0121835966438306,0
0x26b40d336345c292bedfd129d9b70e607932d8fb,1,0,0.1262184682552617,0.0,0.1262184682552617,0
0x10a5ea42a468e6770806934d4e3a022091480807,1,0,1.791759469228055,0.0,1.791759469228055,0
0x3b0bc51ab9de1e5b7b6e34e5b960285805c41736,0,2,0.0,1.8980075563367496,-1.8980075563367496,0
0xedd4457ef162363d6ece2588372133cd5ee1ceab,0,1,0.0,1.0666810326156106,-1.0666810326156106,0
0xc18e763b6bd0243afd5bfeb9e4cd1316575b05fc,1,0,1.095273387402595,0.0,1.095273387402595,0
0xe30cb9212f798fdb0cdb11e3ab390c7c43273230,1,0,0.6995333206902425,0.0,0.6995333206902425,0
0x67610daa332baafa42061a62fadc121bc725ce00,0,1,0.0,0.0953101798043248,-0.0953101798043248,0
0xc70b2e4675558fb69f7eaaf797c0b4763a5c82ad,1,0,0.0095969317814081,0.0,0.0095969317814081,0
0x4c34ae54dc716808e94af3d1d638b8ea3a23fa9b,0,2,0.0,0.2045886875971775,-0.2045886875971775,0
0x0c5cf8d9a2abc016a8dce9465d671655e33e0efa,0,1,0.0,1.8206810781803973,-1.8206810781803973,0
0xab0b5ed1853923d49c5df8ecd5fb50ae7490b8b8,0,1,0.0,0.0948813276091079,-0.0948813276091079,0
0xff3b97620bca7fcce8cd73858d57418df9a95f36,0,1,0.0,0.0949282887113849,-0.0949282887113849,0
0xfbcd169eab57c1d5c02618166cfbcfb576f9c97f,0,1,0.0,0.0949282887113849,-0.0949282887113849,0
0x5172aaa025ffff439b8d24e48cc9b997a546b17b,0,1,0.0,0.0949282887113849,-0.0949282887113849,0
0xa6b54c38ff86f8e4d1887a75cf7bf689a71f3417,0,1,0.0,0.0949282887113849,-0.0949282887113849,0
0xd4fe0d16f39f528057dc2d812cd0567d7bd5ec1e,0,1,0.0,0.0949282887113849,-0.0949282887113849,0
0xccc32586dc5347a05d7074723b134369e1fde438,0,1,0.0,0.0949282887113849,-0.0949282887113849,0
0x18b59d686d3b5809191fb659a8f0b4499b7a38c2,0,1,0.0,0.0949282887113849,-0.0949282887113849,0
0x50e71fc0b96033cdb8291c8b14bcc2f29c51d1bc,0,1,0.0,0.0949282887113849,-0.0949282887113849,0
0x1029aa0b47a82a7ab54dc173a9962bea702a0738,0,1,0.0,0.0940209855139985,-0.0940209855139985,0
0x7a8f3460396c48ab52df0fad70141ce4cf33f86c,0,1,0.0,0.0939916182659626,-0.0939916182659626,0
0x6ddd5efd1924b73007718981853c8ec111986730,0,1,0.0,0.0933838164664031,-0.0933838164664031,0
0xb6ae6a24d63cae6eed077669b9cb399fcbe3c36d,0,1,0.0,0.09174711233913,-0.09174711233913,0
0xdc94e015983614c86ab2a971aea8a3e050ce8f1a,0,1,0.0,0.0912941262460142,-0.0912941262460142,0
0xe294542d840a1ea512edfccdf03ee5b58bc1f69b,0,1,0.0,0.0903835182582449,-0.0903835182582449,0
0xb8e0feae38f4a3332fe140c21d47f1531eae05c9,0,1,0.0,0.0899207973198786,-0.0899207973198786,0
0x1db0be80a0c9cba4d3b2b89eaa04dec9bd37282e,0,1,0.0,0.0894201929657569,-0.0894201929657569,0
0x005028c0c796e0f167c6e7fd73cb2b5415535d56,0,1,0.0,0.0894367267265354,-0.0894367267265354,0
0x7279b89d057792023199dd4b84e9f1a540509284,0,1,0.0,0.0871878280878857,-0.0871878280878857,0
0x6a1a460a7ec503d6a80566475fe43b501c774bec,1,0,0.0028071163596492,0.0,0.0028071163596492,0
0x7a250d5630b4cf539739df2c5dacb4c659f2488d,1,0,0.0029955089797984,0.0,0.0029955089797984,0
0x787b5b921c8cbde58b43c42f72c7ae181464e104,0,1,0.0,7.53002331798673,-7.53002331798673,0
0x710ffd7a18c4842470ac5882646d8accab5bb76d,0,1,0.0,7.038652876771205,-7.038652876771205,0
0x4e6b6f3ee49c4d7bf1f7e7b3d5821743d8d20448,1,0,7.5828993390324735,0.0,7.5828993390324735,0
0x4a55afa32e01dbf391d1494dd4a6f390d1efd40c,1,0,6.937014120055084,0.0,6.937014120055084,0
0xdc5d3c98ea0c112d11552493a77dceaa9e22d1b8,0,1,0.0,6.86596687671098,-6.86596687671098,0
0x49305d3567e2ead16f7add07608b076c37f6028b,0,1,0.0,7.622628384787077,-7.622628384787077,0
0x764262112fcf268ac498d9e8c07deadb6cfb8454,1,0,6.895464563341248,0.0,6.895464563341248,0
0x088639d74b3e4e9bdd10bc48d0b960089075ae7f,1,0,7.607813678762144,0.0,7.607813678762144,0
0x1bd4fcca78f758b8c30d5e5cd96bab09da3326cc,0,1,0.0,1.3047838787919626,-1.3047838787919626,0
0x2318635dd50903f63ff4cfe8098f45eb6832c119,0,1,0.0,2.3978952727983707,-2.3978952727983707,0
0xe054a5e4b8ac6f47be0008c864f5adefe31b7e94,0,1,0.0,0.7417075584621451,-0.7417075584621451,0
0x26e291586ad61e8ce70fb98fe1af0907b8690190,0,1,0.0,2.3978952727983707,-2.3978952727983707,0
0x3d6a3b5feb047faa3efbf60927e94ecf3651ff8c,0,1,0.0,0.6931471805599453,-0.6931471805599453,0
0xe862b94b5801ecede9698dc132bd49e76b39fd63,0,1,0.0,2.19722457733622,-2.19722457733622,0
0x5a1ecbf485bfb23aa6e74393e9b26b40afd95da9,0,1,0.0,0.9932517730102834,-0.9932517730102834,0
0x98a54f77af7d1f62cd43d051c47ed9b7077978bf,0,1,0.0,1.791759469228055,-1.791759469228055,0
0xe74512634e11a62c750dcc5f289789df0ee96061,0,1,0.0,1.0647107369924282,-1.0647107369924282,0
0xb6aac3b56ff818496b747ea57fcbe42a9aae6218,0,1,0.0,3.4339872044851463,-3.4339872044851463,0
0x8fdbbd690b26a8d99f7b83cd21c10208c4c40846,0,1,0.0,3.449955666656785,-3.449955666656785,0
0x0c5437b0b6906321cca17af681d59baf60afe7d6,0,1,0.0,2.3978952727983707,-2.3978952727983707,0
0xa22df85013044586f8a0367798289f8c1f400cad,0,1,0.0,1.0986122886681096,-1.0986122886681096,0
0xd2013411b5f560c058512b40cd3f6d4c30dd1ea5,0,1,0.0,0.6931471805599453,-0.6931471805599453,0
0x22b84d5ffea8b801c0422afe752377a64aa738c2,0,1,0.0,5.087596335232384,-5.087596335232384,0
0x875ebed12225bd0e96f3d5aa630184ca0ed6f0f8,0,1,0.0,0.9162907318741552,-0.9162907318741552,0
0xe94b04a0fed112f3664e45adb2b8915693dd5ff3,2,0,3.495425951863471,0.0,3.495425951863471,0
0x3abd6c09f6b4b8f7924d09ad9cc57516cb7f351b,2,0,0.0083487437939048,0.0,0.0083487437939048,0
0xe1f144ca5b019847af7adb7e3d0e38f6f589c1b9,0,1,0.0,1.6980139871455306,-1.6980139871455306,0
0x5fb3d432bae33fcd418ede263d98d7440e7fa3ea,1,0,1.0982788997668722,0.0,1.0982788997668722,0
0x8b95e8a2b950ecd1613bf8bd4f66c2c020f52c21,1,0,1.252762968495368,0.0,1.252762968495368,0
0xa64863281953d190cb9ccb7627f0042420a13c8f,1,0,1.248891272285909,0.0,1.248891272285909,0
0x03490191e194bfa1c879c0abf7c49d9127ccc4fa,0,1,0.0,1.4996144548721293,-1.4996144548721293,0
0x3aae4da9a22d518996031791d3bd61f45def6ac7,1,0,1.009781074961494,0.0,1.009781074961494,0
0xdb2c47230ff7bd408bd9b07ef6dd58f331e24a3f,1,0,1.0057657383017578,0.0,1.0057657383017578,0
0x8fa4eeba9d4f7e9f63fa7876dba68f987108bef0,0,1,0.0,1.6415913999354823,-1.6415913999354823,0
0xaf518d65f84e4695a4da0450ec02c1248f56b668,1,0,1.3217558399823195,0.0,1.3217558399823195,0
0xc5e067fb5bd9a010770d6497a6e3308f791ce3a7,0,1,0.0,2.762620567984027,-2.762620567984027,0
0x69645ee59e91cacc9b0749fd70e48843b56b266a,1,0,1.0986122886681096,0.0,1.0986122886681096,0
0x43387651eb3d4cef42ed761af4f7c5497d5b4905,0,1,0.0,2.8016012588005386,-2.8016012588005386,0
0x6063b5b7476c006285a9624a3c913511df70a022,1,0,0.6931471805599453,0.0,0.6931471805599453,0
0xbf87b66d590cd9e39ebfe6895ae4cc7aa50f249f,0,1,0.0,3.044522437723423,-3.044522437723423,0
0x255d597951300a913d5e327c6e92ddc05923febe,2,0,3.7068697324685744,0.0,3.7068697324685744,0
0x63060b6f77a103c999b986534eae51e4169c8c36,2,0,5.574053367981417,0.0,5.574053367981417,0
0x05dfa4b036607396f6c4eec5dbe579f147bcadb5,1,0,1.791759469228055,0.0,1.791759469228055,0
0x71eedd94a18081a92ac531ba338f11e42ffb1e9d,1,0,1.8082887711792648,0.0,1.8082887711792648,0
0xdbfcc8ee52657d15b19a1a183eb5fddd1de68d85,0,1,0.0,5.1474623658327845,-5.1474623658327845,0
0x3f5ce5fbfe3e9af3971dd833d26ba9b5c936f0be,0,1,0.0,3.4339872044851463,-3.4339872044851463,0
0x7d78391303a9c9036df8136ed3968aef5cce73fb,1,0,0.6931471805599453,0.0,0.6931471805599453,0
0xe0f0cfde7ee664943906f17f7f14342e76a5cec7,0,1,0.0,0.6916460544336782,-0.6916460544336782,0
0x17b3475b712b45dd0dd66990af1afd4ee4d093a1,0,1,0.0,6.497656294059306,-6.497656294059306,0
0x030aef9eb624cdbbee3ea472b1df00026e2fa957,0,1,0.0,7.19998855745205,-7.19998855745205,0
0xd0d0a5c98c6a66051d51ed159ca89dd88c645ee9,1,0,6.787921596941659,0.0,6.787921596941659,0
0x1ace6fd8def39c5c4b7fbb1c2366eacc6f006a71,1,0,7.012678665379169,0.0,7.012678665379169,0
0x497cddd31e888af4696fe9c9347eeaa8ba84289d,0,1,0.0,5.535788244905318,-5.535788244905318,0
0xfd1b86dbedd4b61f97526052510eb7cb856b8e35,0,1,0.0,6.61926272647306,-6.61926272647306,0
0x4beb3f67fabedaae04300cf56e3665866edc004e,1,0,6.89835178958523,0.0,6.89835178958523,0
0x8cc37a8ad56af5a1430004d8a3aded9a97dd59c6,1,0,1.7669452694870298,0.0,1.7669452694870298,0
0x6318630c2097a074d91b2d991f13608cbaedd369,1,0,0.0023492383773766,0.0,0.0023492383773766,0
0x3e65303043928403f8a1a2ca4954386e6f39008c,1,0,0.0009193772431946,0.0,0.0009193772431946,0
0xf0a1e8c0bb8e8041e55202687ea87d101b240e87,0,1,0.0,6.475697111404655,-6.475697111404655,0
0xbd89e48417d71480159992b795590cf96f0f6d01,0,1,0.0,7.763798381659363,-7.763798381659363,0
0x1e8f497a748085d02d81dfd156a51b42ec881b77,1,0,6.499487881624915,0.0,6.499487881624915,0
0x6c7be432638e2110ef2ef4dfda3e9c8461bdfce2,1,0,7.757133216500032,0.0,7.757133216500032,0
0xed6c0a874c2dc26bc35f62b740cedc3c6877c17d,0,1,0.0,7.780806336206755,-7.780806336206755,0
0x974c32c0becbba206af81bc532b2d3c43305e7a6,0,1,0.0,6.411482289677765,-6.411482289677765,0
0x4349a2197d6ddbdc1fd0902d7463e0a8fef297fb,1,0,6.585205702411876,0.0,6.585205702411876,0
0xf35587afc669586be7a7f3a5d288db5d40df2211,1,0,7.72830874506116,0.0,7.72830874506116,0
0x6ab38850ece7167705e5e0fa57a5487d01ef6dfd,1,0,0.7884573603642702,0.0,0.7884573603642702,0
0x0ccb447b0ec1957c4471ab6e64d579956de84711,1,0,0.0834216081390723,0.0,0.0834216081390723,0
0xa11b877d834968c8e41846ab39c057f329ad74f8,1,0,0.3065590950374695,0.0,0.3065590950374695,0
0x103e37ad040437420f53c1c5a2869ac1d6149331,0,1,0.0,1.0986756766590486,-1.0986756766590486,0
0x5ad7dbcda76f409c5020bedb5f315a3ab963a4e7,0,1,0.0,1.3862943611198906,-1.3862943611198906,0
0x12794fdb3a8661bf13fd64b34030c1b020903e4f,0,1,0.0,6.057530051580317,-6.057530051580317,0
0x34d93bf0b296ad4c96cb90d0143bd8e8f2ae6a5c,0,1,0.0,7.853869369465108,-7.853869369465108,0
0xe799fc389650673bb49238150f4e91bceb3cf2d4,1,0,6.051076755914812,0.0,6.051076755914812,0
0x4f17bcc204f6863c331c80ac8cc3ca36cc6594f3,1,0,7.843059047925836,0.0,7.843059047925836,0
0x3724a61fe80ef827c140e0563a23771fee9269d7,1,0,0.0012170000696295,0.0,0.0012170000696295,0
0xf595b8b2c2a42f3bc3cd5c42f58b547a7821d90f,1,0,2.437731006577898,0.0,2.437731006577898,0
0x0064454b14cddc990ed6520ef94d3e28fe7c41b6,2,0,0.1357346397889887,0.0,0.1357346397889887,0
0x556b5712c2a7cc5506fbfa785b52536fb8243765,0,1,0.0,0.8754687373538999,-0.8754687373538999,0
0x33f1a3ebc2aefc8599f9f3db7b7dd6ff4434d676,1,0,0.8723547271864465,0.0,0.8723547271864465,0
0xcf2cacdc6a83bcd2efc5e34492fd2d921faad291,2,0,5.59441378772028,0.0,5.59441378772028,0
0x481bcc5918171b7d5baf73018282160e1e091b40,0,1,0.0,2.195033289328471,-2.195033289328471,0
0x328b87113c151ea1820eb9238281fd3832e2a487,1,0,2.190528654038332,0.0,2.190528654038332,0
0x303e33b483b5df3148cb2eaa1c17c486531ddf31,0,1,0.0,0.9555114450274363,-0.9555114450274363,0
0xd2c18a28240e3c28063976c722a0b02aeff75e80,2,0,2.810451996058947,0.0,2.810451996058947,0
0x167a9333bf582556f35bd4d16a7e80e191aa6476,0,1,0.0,0.6931471805599453,-0.6931471805599453,0
0x1c3f580daeaac2f540c998c8ae3e4b18440f7c45,1,0,0.6828204327708106,0.0,0.6828204327708106,0
0xe74f30944eff4c21160755d56134a314beaa24e8,0,1,0.0,0.9163292791312,-0.9163292791312,0
0x442ef266434a9575325f1af0249a4cfea04334ff,2,0,1.992332227875257,0.0,1.992332227875257,0
0xd94c9ff168dc6aebf9b6cc86deff54f3fb0afc33,0,1,0.0,1.1019400787607845,-1.1019400787607845,0
0x6d4883035b4829ce2eb24d77eff2c26b7c1a844d,1,0,2.367523971477918,0.0,2.367523971477918,0
0x91f9658ce12b05dc3bf4389782d8d3b43c9ced01,1,0,0.0192452857357128,0.0,0.0192452857357128,0
0xf4cb644b1e3a9f8f2d157e701ec80d2a70296d64,0,1,0.0,1.8605452081534275,-1.8605452081534275,0
0x2fa62e46665bf6b77407dd7740dc7bd744ee51c8,1,0,1.8261627316924949,0.0,1.8261627316924949,0
0x73957709695e73fd175582105c44743cf0fb6f2f,0,1,0.0,1.2447101600644306,-1.2447101600644306,0
0x9b2aa53cc47007443c44edf6edb15bec4d93ec58,1,0,1.2084391443634397,0.0,1.2084391443634397,0
0x50037e6c1b0c069c36730e5bbe30301757979e57,0,1,0.0,0.0589007839201085,-0.0589007839201085,0
0x5d807e7f124ec2103a59c5249187f772c0b8d6b2,1,0,1.1598892466866184,0.0,1.1598892466866184,0
0x9584d1e48cf87cef200503cf9095acc0d5bfec38,0,1,0.0,0.3626263034150427,-0.3626263034150427,0
0xace62f87abe9f4ee9fd6e115d91548df24ca0943,2,0,0.7242387880376189,0.0,0.7242387880376189,0
0x8bcb202c1708c454cee6af8d32231a98b4605d24,0,1,0.0,1.5692407226826872,-1.5692407226826872,0
0x13554f5fa3795ef79769546412f0500274d65ec1,0,1,0.0,0.3567566805982006,-0.3567566805982006,0
0x84ff1f9c18e5fe4b58f7ba4638e42d31cbd16d39,0,1,0.0,0.287550413785159,-0.287550413785159,0
0x0b38686bc168752f6bdad845fc1e1f3644905755,0,1,0.0,0.6327244446131868,-0.6327244446131868,0
0x97ee19d8c8b2d607af236d8beddf9f45aca99585,1,0,1.791759469228055,0.0,1.791759469228055,0
0x8cbc488f183f8d6565aef8da41ff3ec4d445da2a,0,1,0.0,0.6931471805599453,-0.6931471805599453,0
0x4470bb87d77b963a013db939be332f927f2b992e,1,0,0.6931471805599453,0.0,0.6931471805599453,0
0x56de36fcd949cbbcb1b511e4c125f452e0162947,1,0,0.1059786145953148,0.0,0.1059786145953148,0
0x1c706c3a6b3bff93761249d381486e49d8203550,1,0,0.2700271372130601,0.0,0.2700271372130601,0
0x0681d8db095565fe8a346fa0277bffde9c0edbbf,0,1,0.0,1.2346039440294536,-1.2346039440294536,0
0x1151314c646ce4e0efd76d1af4760ae66a9fe30f,0,1,0.0,0.3984404931711999,-0.3984404931711999,0
0x1103849f41222a4c348515331f0e734d4bd9ad34,1,0,0.394067063155795,0.0,0.394067063155795,0
0xb2600ff47077dae2a8e2e7719475c4e7f525dd98,1,1,0.0917494515654848,0.0953101798043248,-0.00356072823884,0
0xe8b95a982f9a8e2a6e80f0ebf495c8a4601fc168,0,1,0.0,0.9203271754323644,-0.9203271754323644,0
0x595684491f3bf056869213c6172e5dbbf3380266,0,1,0.0,0.7382593654387334,-0.7382593654387334,0
0x1285195ca5bb316d316ea8afb927c7c6818ce189,1,1,0.0953101798043248,0.1984056085677483,-0.1030954287634235,0
0xd0b35b18803a339aba8e7abf369747f158775730,1,1,0.0953101798043248,0.0914864532160794,0.0038237265882453,0
0xe9d4c1d9ee84c459577974bc16aca70dda6a6ae5,0,1,0.0,1.674971489963812,-1.674971489963812,0
0xdc1c1f0614b00d4fd17e9571d0e397cc97bc3675,1,1,0.0953101798043248,0.0966648817810994,-0.0013547019767746,0
0x12b1a9e144df4c4b1fcbe1d99182cd4e13b68162,1,1,0.0953101798043248,2.302585092994046,-2.207274913189721,0
0x003dba70db028116c336e7482cce1d1c5e0430e3,0,1,0.0,0.5404901144029024,-0.5404901144029024,0
0x25f59e5b97a3975454103d8f14a44c99811f1c25,1,1,0.1823215567939546,0.1808543109149772,0.0014672458789773,0
0x119ebfcfcc71126abce6341f05c842673207b2b9,0,1,0.0,1.1107175282570867,-1.1107175282570867,0
0x66c5e19e49b2c46aee009432031939c813d515ca,0,1,0.0,0.0513267566776827,-0.0513267566776827,0
0x57a420b45c9f346a00fbedb990305cf8f86b5dd1,1,1,0.0953101798043248,0.09449053853563,0.0008196412686947,0
0xfb0d8ca54de9fb8fd981d527e1c893433e65344d,1,0,0.0953101798043248,0.0,0.0953101798043248,0
0x400a08532fffce879ab85fce8e937613f7525ce2,0,1,0.0,0.747122558244307,-0.747122558244307,0
0x7762e8f9d9e382b45a44ca5fd6384c1788d51659,0,1,0.0,0.1256829375432709,-0.1256829375432709,0
0xe6f0efce70fd5b063a7e28fd67196119d5f9f923,0,1,0.0,0.6050239063689407,-0.6050239063689407,0
0x7211a45430ee75d7005f79424633952b3671afaf,0,1,0.0,0.322318670064995,-0.322318670064995,0
0x7d1b9fdcb295d5ffbd340c1aa4fcba45edf29d62,0,1,0.0,0.0944179882834447,-0.0944179882834447,0
0xf730a1647af060d8292f2806ba340b53af597a4b,0,1,0.0,0.4700036292457356,-0.4700036292457356,0
0x20ee565e734859c93c52c950e1a7c02bbb98a360,0,1,0.0,0.5183404247932077,-0.5183404247932077,0
0x3eb0fb50f9d347d3b21ac3197faddf9dbce9dccd,0,1,0.0,0.7131636351779593,-0.7131636351779593,0
0x0b1a0fc9bc887c8eaf4aec58dddbabf4b0c057d0,0,1,0.0,0.6261827764127602,-0.6261827764127602,0
0x6804a44f36e8306bcb297e3180640a3caf37d717,0,1,0.0,1.265957522532977,-1.265957522532977,0
0xc6def8004e73c849b0aacf0078cab7f61e2c5fc7,0,1,0.0,0.2593350001064476,-0.2593350001064476,0
0x41aa00ad3906f6036b473067ecf656179f03393b,0,1,0.0,0.5227830276148,-0.5227830276148,0
0xfe159a63c20e6bd731c00bcd10077a6d004f45a6,0,1,0.0,3.930281474494408,-3.930281474494408,0
0x028962b527ec815b48910fbce3e9227b46a81fcc,0,1,0.0,1.0980186968606798,-1.0980186968606798,0
0xd925a388decb5d8aef30e868a6a9e1887f1a1a53,0,1,0.0,0.9047922902436374,-0.9047922902436374,0
0x8ba4355159cbf8f50604b4052f633ceccd44abba,0,1,0.0,2.197082818622261,-2.197082818622261,0
0xc5ae6b328002ce98a20703515878620e738533b0,0,1,0.0,0.0908285961295754,-0.0908285961295754,0
0x2ffc55146d7a9934315f0a4403fb05e309b6e612,0,1,0.0,0.8482308500169908,-0.8482308500169908,0
0xf74dcdc46c41bc8c7bc6ce3ab92925aa0fd4fe05,0,1,0.0,0.047932836769298,-0.047932836769298,0
0x45e493e9741aa75029a4b28fd504cdc4a68f5ad4,1,0,5.342334251964811,0.0,5.342334251964811,0
0x118bf507bf29e866ffd07d1939dbe8204a78bf9e,1,0,0.0953101798043248,0.0,0.0953101798043248,0
0x650ce1804658500b4e99640e63e34a025084f12d,1,0,3.49650756146648,0.0,3.49650756146648,0
0x8185dfc56cb72652de37777fa125dd25d34cb50f,0,1,0.0,1.3635373739972745,-1.3635373739972745,0
0xd781b2c49628ff85127a8c5bc0b8db0137960e31,0,1,0.0,0.5538851132264376,-0.5538851132264376,0
0x35881a26a566f567785b8fd55c2bcde4fd373207,0,1,0.0,1.0986122886681096,-1.0986122886681096,0
0x582e3d8dcd41f586fbcc6559f16476d20b2a3b95,1,0,9.999500033330834e-05,0.0,9.999500033330834e-05,0
0x072c7696e44d8c75d32dd717808e862c82bdf906,0,1,0.0,0.0943904713623886,-0.0943904713623886,0
0xfff243e0e3691536009fbcc66b44808fc57f1b60,0,1,0.0,0.1612681475961222,-0.1612681475961222,0
0xe2d411922c08995c2b0ed81e9866da245f112f4c,0,1,0.0,2.3978952727983707,-2.3978952727983707,0
0x6442e0d685350f8987c3f4f090d1283cb3936eb3,0,1,0.0,2.4359575906204265,-2.4359575906204265,0
0xb8e52e18cbe87b77993de9b8f03ef980d0a621c7,0,1,0.0,0.8973635431614425,-0.8973635431614425,0
0x53e412f2bcec5082788b9658adf853611150c3a7,1,0,2.4849066497880004,0.0,2.4849066497880004,0
0x47c7ddf6ef94f10f4fddd5d3e4b4bfa644270fe1,1,0,2.4849066497880004,0.0,2.4849066497880004,0
0xec20c636b2d1d65be7306d8cd22664de7fbbe97d,0,1,0.0,0.4054651081081644,-0.4054651081081644,0
0xcfddced74ac351d39f64ee8bc1eab83ae2c9fd4b,1,0,0.009950330853168,0.0,0.009950330853168,0
0x72d26a51e0c9f5403c27740b9c17a60be5820891,1,0,0.009950330853168,0.0,0.009950330853168,0
0x27d9815f82bc5254e1e6662003fe88bf2328d00a,1,0,0.0198026272961797,0.0,0.0198026272961797,0
0xc831f964157a42685dfed79b20a32d79db2bef17,1,0,0.0198026272961797,0.0,0.0198026272961797,0
0x40cd71da38314fda5bce614ec181dfb8e1361460,1,0,0.009950330853168,0.0,0.009950330853168,0
0x6f931bac260e7fcbaa0244d3b43a2bd9e9acf698,1,0,0.0953101798043248,0.0,0.0953101798043248,0
0x4596dd4c218cded48d032fec5249ef17cfd3bdbf,1,0,0.0295588022415444,0.0,0.0295588022415444,0
0x02721255894de62e002026d7fb17df4c15d493fe,1,0,0.048790164169432,0.0,0.048790164169432,0
0x5d80cec7cdf8d0a194f9a94341e680a1d84b0754,1,0,0.048790164169432,0.0,0.048790164169432,0
0x8def7f7230f0e40df2efae846ac92eed7084ea25,1,0,0.0953101798043248,0.0,0.0953101798043248,0
0xea674fdde714fd979de3edf0f56aa9716b898ec8,0,1,0.0,0.6982522614167989,-0.6982522614167989,0
0x337714d06b5fce1546c93f87cd18351b7316c028,1,0,0.2776317365982795,0.0,0.2776317365982795,0
0x2ca15f962e4bd32b5ce8e5b9c16cf34442159864,1,0,0.0980337402713654,0.0,0.0980337402713654,0
0x85d23e8cc134cf7c7d0d428924fef15114c6da23,1,0,0.1823215567939546,0.0,0.1823215567939546,0
0x63541ac5a4a926fc64bb2455d2e7625f120555a2,1,0,0.1102277584563219,0.0,0.1102277584563219,0
0xbbe87f16ff5a5dc79b225b40cdf19c51d7a89287,1,0,0.0953101798043248,0.0,0.0953101798043248,0
0x24de0c3dfbc83ad130f52dc68b7dadb2cf2d07bb,1,0,0.6980328601519947,0.0,0.6980328601519947,0
0xd34da389374caad1a048fbdc4569aae33fd5a375,0,1,0.0,0.0655026437219924,-0.0655026437219924,0
0x6ddcfc9f9c4c0ba0202b66b6da9986bbc00d2ab5,1,0,0.0648509723196163,0.0,0.0648509723196163,0
0xda7aef48ad32a25be3992d0c21db50fbc0f6aa59,0,1,0.0,0.153579945560866,-0.153579945560866,0
0x36212ebb7513604f7dcf560908934eb49f9cc950,1,1,0.089163143611789,0.0953101798043248,-0.0061470361925358,0
0x15058746cc0c488bca8b1557d5c863bd67bb7c74,0,1,0.0,0.6931471805599453,-0.6931471805599453,0
0xc328f0c839a0d9471d421d07d3d280998a63b52e,1,0,0.4054651081081644,0.0,0.4054651081081644,0
0x52dbf7a7ba4f698a5d907cd8aa7666c9ee45bba9,1,0,0.0079681696491768,0.0,0.0079681696491768,0
0x9151737f70379334a94b43f06f081bfb585ef571,1,0,0.0088649954413091,0.0,0.0088649954413091,0
0x894a08bc034ab8c45eea182a37ecfbd2c7aed630,1,0,1.6486586255873816,0.0,1.6486586255873816,0
0x6637dd02d4dc38e0e2cd11820c9dcd4b47bba59f,0,1,0.0,0.9162907318741552,-0.9162907318741552,0
0xe61a935efa29e823cab1b354758129156453c605,0,1,0.0,0.688134638736401,-0.688134638736401,0
0x0984fed5e797f51710b5db87c454c96c1a8bda41,0,1,0.0,0.6931471805599453,-0.6931471805599453,0
0x2a25c28cc702c9d791527ce00b36189bc9115b60,0,1,0.0,0.6931471805599453,-0.6931471805599453,0
0xd28028d44cb53e892e36a949abdeefd53d8067d6,0,1,0.0,1.3862943611198906,-1.3862943611198906,0
0x438ccbd79f20c1e68b828211ec2ba30c0ec9c05a,0,1,0.0,3.9318256327243257,-3.9318256327243257,0
0x5ae21744b0b09ae6c302302f8ef289375aaa8389,0,1,0.0,4.61512051684126,-4.61512051684126,0
0x1dc71339b84f5ea442b9435f7aca8e4b450b599e,0,1,0.0,1.3862943611198906,-1.3862943611198906,0
0x0028f090e73e124116d08fa9a53c9781d99284f0,0,1,0.0,3.5263605246161616,-3.5263605246161616,0
0xc0f26bc4b8f6775d70be450586178c4002f7e114,0,1,0.0,0.1823215567939546,-0.1823215567939546,0
0xa55c743a5f699ae80881ad8a276dad2b718fd657,0,1,0.0,0.6931471805599453,-0.6931471805599453,0
0x09a94786e223c84368757ae27238152a7212e6a6,1,0,5.271357184965254,0.0,5.271357184965254,0
0xed43b4a63d6c89dfb3d95c4709216a651398a1a9,0,1,0.0,0.1570037488096647,-0.1570037488096647,0
0xa46847df9032d0abe4156bc56f3eb9188a2bd40a,1,0,0.1382869420533501,0.0,0.1382869420533501,0
0x17ea9e7db52486bb18a9e44a5d86a033b84fd36e,1,0,0.048790164169432,0.0,0.048790164169432,0
0x41324445368b31fc58299a0fc71dcabfd1f82811,1,0,0.5024526200175266,0.0,0.5024526200175266,0
0x00a9f7d093c46d95f0318e4a6ffc6ed68f73044c,1,0,0.6418538861723948,0.0,0.6418538861723948,0
0x9fb97381a307ba2448ec4a008880848670c576cc,1,0,0.1484200051182732,0.0,0.1484200051182732,0
0xc55bc29523bfc524fdf01f549c7ef836987c81c8,0,1,0.0,1.805366472634272,-1.805366472634272,0
0xefdcc91ac0f84eb359e7bf3a195fe5800bc8dfc9,1,0,1.3002349881033697,0.0,1.3002349881033697,0
